__time,powers_of_10/value,powers_of_2/value
0,1.000000000,1.000000000
0.000001,10.000000000,2.000000000
0.000002,100.000000000,4.000000000
0.000003,1000.000000000,8.000000000
0.000004,10000.000000000,16.000000000
0.000005,100000.000000000,32.000000000
0.000006,1000000.000000000,64.000000000
0.000007,10000000.000000000,128.000000000
0.000008,100000000.000000000,256.000000000
0.000009,1000000000.000000000,512.000000000
