__time,powers_of_10/value,powers_of_2/value
0,1,1
0,,1
0.000001,,2
0.000002,100,4
0.000003,1000,8
0.000004,10000,16
0.000005,100000,32
0.000006,1000000,64
0.000007,10000000,128
0.000008,100000000,256
0.000009,1000000000,512
